Layer1,Layer2,Layer3,Layer4,Layer5,Layer6,Layer7,Layer8,Layer9,Layer10,Layer11,Layer12,Layer13,Layer14,Layer15,Layer16,Layer17,Epoch,run
0.19923763,0.005455934,0.0012008002,0.00045826446,-0.009607001,-0.011866385,0.00055148837,-0.00015232892,0.026666358,0.01454053,0.027828861,0.03751898,0.041575182,0.039098218,0.035410352,0.046958044,-0.005346071,0.0,0.0
0.23608762,0.0062755593,-0.03911043,-0.018100217,-0.06366805,-0.062210534,-0.054260325,-0.026582917,-0.019602833,-0.034568045,-0.041098855,0.013461267,0.049187575,-0.14463183,-0.47466844,-0.21115735,-0.08767651,0.0,0.0
0.2094091,-0.0037580675,-0.049556796,-0.04550733,-0.07133623,-0.077161156,-0.06396109,-0.048275292,-0.00041259354,-0.07538103,-0.068143696,-0.018376917,-0.118187115,-0.32315645,-0.33386356,-0.15149127,-0.110865496,0.0,0.0
0.22781207,9.3660594e-05,-0.07900856,-0.057540398,-0.10413811,-0.11157622,-0.09081332,-0.07703985,-0.0045153624,-0.1473775,-0.2017672,-0.1078968,-0.051506866,-0.1657777,-0.3052385,-0.1736159,-0.2244087,0.0,0.0
0.23123841,-0.012091469,-0.10003517,-0.06734704,-0.10795171,-0.1052865,-0.058150664,-0.0680804,0.038337182,-0.1485348,-0.2335375,-0.20883021,-0.124096274,-0.258685,-0.3407897,-0.2879155,-0.18246084,0.0,0.0
0.22976767,-0.017861657,-0.117080465,-0.08086212,-0.10439489,-0.10717719,-0.053431697,-0.08921578,0.04514584,-0.16194688,-0.3274345,-0.40957597,-0.20629221,-0.49553668,-0.56941426,-0.2465402,-0.2901962,0.0,0.0
0.2111865,-0.024106914,-0.1122567,-0.08006448,-0.08449011,-0.09265369,-0.028922627,-0.07570699,0.029587992,-0.16385905,-0.28381106,-0.33678052,-0.2363702,-0.5375389,-0.35298193,-0.31200996,-0.2639962,0.0,0.0
0.21485582,-0.030409908,-0.13042556,-0.0896297,-0.084349066,-0.10797965,-0.061291177,-0.10758046,-0.00669403,-0.19506566,-0.2796297,-0.3085687,-0.3374177,-0.6982317,-0.24439949,-0.30354667,-0.20324677,0.0,0.0
0.20569757,-0.03866056,-0.11560768,-0.09283568,-0.08057191,-0.12960361,-0.10714206,-0.12366109,-0.09841495,-0.24708183,-0.2467192,-0.21389352,-0.101083845,-0.32422334,-0.3117026,-0.2800054,-0.41833213,0.0,0.0
0.20797467,-0.05505286,-0.14688087,-0.11788199,-0.060420066,-0.119339906,-0.055526458,-0.12104357,-0.03769972,-0.19087301,-0.16063619,-0.19800854,-0.44453984,-0.73466235,-0.1656941,-0.41521528,-0.24931934,0.0,0.0
0.18674105,-0.0788817,-0.14298734,-0.13034166,-0.05280492,-0.11601041,-0.06495568,-0.22200075,-0.03367048,-0.35330722,-0.3485616,-0.30740964,-0.49289456,-0.47740474,-0.14311524,-0.27562445,-0.27775675,0.0,0.0
0.21222891,-0.105784595,-0.18523315,-0.16430375,-0.07142822,-0.15633726,-0.10739148,-0.2845783,-0.037549857,-0.44743696,-0.54969543,-0.4298029,-0.58703434,-0.7332931,-0.21743518,-0.38879418,-0.237243,0.0,0.0
0.20347643,-0.10817139,-0.18528408,-0.17363547,-0.07724831,-0.17321908,-0.14121604,-0.30352667,-0.05082395,-0.42154083,-0.48732153,-0.36438656,-0.39814192,-0.6631551,-0.2535105,-0.39955026,-0.33619413,0.0,0.0
0.20921086,-0.12202133,-0.19396137,-0.19306947,-0.08304039,-0.2154305,-0.19332737,-0.30289167,-0.06854079,-0.37030792,-0.39896977,-0.30295497,-0.22457388,-0.63788563,-0.33804083,-0.36069715,-0.4646156,0.0,0.0
0.20470433,-0.12536561,-0.18771777,-0.1920585,-0.08365862,-0.22987506,-0.21277392,-0.277555,-0.05601374,-0.30541107,-0.25486046,-0.2469762,-0.16242968,-0.4246812,-0.31000608,-0.31209657,-0.43190306,0.0,0.0
0.19262305,-0.12677753,-0.18234667,-0.18550484,-0.07481072,-0.18899706,-0.14304791,-0.29649544,-0.03173519,-0.39713588,-0.5202861,-0.44914734,-0.30603433,-0.7041223,-0.41627717,-0.5312128,-0.38844046,0.0,0.0
0.19494382,-0.13719982,-0.1893031,-0.19437395,-0.08516778,-0.223575,-0.17379001,-0.3016396,-0.043352127,-0.34606895,-0.2816586,-0.23284936,-0.14113148,-0.36105502,-0.2523141,-0.27865863,-0.32613963,0.0,0.0
0.19246477,-0.14636585,-0.19383533,-0.19577916,-0.09029892,-0.21155468,-0.13952525,-0.33297598,-0.0376256,-0.3939327,-0.36926314,-0.29266608,-0.18925802,-0.4461969,-0.24857081,-0.41136122,-0.34437272,0.0,0.0
0.19163816,-0.15188725,-0.19969955,-0.1926862,-0.095670484,-0.21160638,-0.1334813,-0.34021345,-0.037917033,-0.390963,-0.3162799,-0.2359939,-0.15741973,-0.40485358,-0.24373259,-0.48064572,-0.3225097,0.0,0.0
0.19652128,-0.15323861,-0.21294174,-0.20003326,-0.104480036,-0.227316,-0.14026791,-0.33494163,-0.03765684,-0.38199154,-0.36500427,-0.24394205,-0.09842725,-0.386832,-0.18271951,-0.43056217,-0.26097,0.0,0.0
0.19605409,-0.15222643,-0.21120541,-0.21375641,-0.111946344,-0.27082115,-0.18762511,-0.33985952,-0.06494241,-0.37664947,-0.35299394,-0.3052749,-0.19594258,-0.442179,-0.18376437,-0.37468874,-0.38920778,0.0,0.0
0.20375982,-0.15604159,-0.2135643,-0.22331364,-0.10780675,-0.27919325,-0.19596073,-0.3417912,-0.0642415,-0.37545088,-0.33794478,-0.37541938,-0.2086225,-0.5075673,-0.19867975,-0.41083303,-0.47824535,0.0,0.0
0.1677955,-0.14271936,-0.16315857,-0.18492948,-0.075271495,-0.19534065,-0.09721596,-0.37824592,-0.036872704,-0.47913325,-0.5802349,-0.62855,-0.41657627,-0.8278737,-0.3643959,-1.0271795,-0.3412485,0.0,0.0
0.19488767,-0.17173074,-0.19166362,-0.23337463,-0.100484155,-0.27818322,-0.1873186,-0.34830943,-0.08333797,-0.37620917,-0.2906817,-0.40265727,-0.25074452,-0.40912932,-0.5115027,-0.53089297,-0.492119,0.0,0.0
0.19715433,-0.17737168,-0.18357156,-0.23042817,-0.089503564,-0.24592437,-0.13408388,-0.3517972,-0.037157863,-0.38102767,-0.23480709,-0.33662724,-0.24135356,-0.3457284,-0.37164626,-0.62033814,-0.3264397,0.0,0.0
0.17649728,-0.16913044,-0.16052255,-0.21379401,-0.077622265,-0.21128371,-0.10276034,-0.4123463,-0.026853332,-0.43084666,-0.31755432,-0.3929693,-0.33402354,-0.5928975,-0.24691188,-0.53489244,-0.2927344,0.0,0.0
0.18265145,-0.17375368,-0.1685736,-0.23290804,-0.08682415,-0.24245681,-0.15783378,-0.48550847,-0.06472318,-0.49122477,-0.42356774,-0.5744868,-0.369609,-0.8916115,-0.4136285,-0.7001051,-0.510011,0.0,0.0
0.1765975,-0.16923392,-0.1511261,-0.23075911,-0.0731102,-0.24900782,-0.1751148,-0.4407464,-0.07714417,-0.4469107,-0.3396449,-0.50510013,-0.21487574,-0.7473205,-0.45497033,-0.5411358,-0.46285108,0.0,0.0
0.18049608,-0.17770085,-0.15689068,-0.24345337,-0.06856292,-0.24773827,-0.120796956,-0.45611984,-0.042863656,-0.4607141,-0.4205296,-0.551955,-0.30490854,-0.9010538,-0.3100565,-0.9038309,-0.3841993,0.0,0.0
0.18411851,-0.18359844,-0.1727003,-0.25410005,-0.0838085,-0.28551003,-0.1893335,-0.47453842,-0.06886876,-0.48610252,-0.36058992,-0.5207565,-0.20772375,-0.7386662,-0.47603396,-0.6754805,-0.49326462,0.0,0.0
0.18507724,-0.18036279,-0.19268513,-0.25187704,-0.087389134,-0.26016432,-0.12438285,-0.5150218,-0.032193333,-0.5284877,-0.4539145,-0.54117954,-0.32545492,-0.8580405,-0.25822312,-0.88509625,-0.4042259,0.0,0.0
0.16803767,-0.16072735,-0.1872912,-0.23645777,-0.085193016,-0.2533696,-0.13292558,-0.54617006,-0.03167242,-0.54684997,-0.4745078,-0.55021465,-0.34823388,-0.84390026,-0.29964298,-0.9694769,-0.50317836,0.0,0.0
0.17357458,-0.16814828,-0.18275905,-0.25167483,-0.08566045,-0.28380132,-0.17804343,-0.48717916,-0.041316483,-0.48941514,-0.2559519,-0.36192837,-0.123100676,-0.53362966,-0.30229667,-0.56228036,-0.5208894,0.0,0.0
0.18615966,-0.18605508,-0.19165786,-0.25736192,-0.08542429,-0.27149537,-0.15097699,-0.491617,-0.018447615,-0.49912184,-0.24028057,-0.35320002,-0.1253118,-0.52700347,-0.27007812,-0.66615653,-0.4156349,0.0,0.0
0.1802092,-0.19966911,-0.18277593,-0.266437,-0.09135606,-0.28018847,-0.17060004,-0.5219676,-0.02441053,-0.533602,-0.2811725,-0.43569908,-0.16412431,-0.6184968,-0.36638135,-0.68402296,-0.45565513,0.0,0.0
0.16440216,-0.18112111,-0.1540139,-0.24757378,-0.07333585,-0.24882697,-0.14522241,-0.5080169,-0.019210257,-0.5163897,-0.24069019,-0.40490428,-0.16406158,-0.6317057,-0.3278838,-0.6468955,-0.48964918,0.0,0.0
0.16776074,-0.19669639,-0.16457622,-0.2639965,-0.08326225,-0.26958486,-0.15893534,-0.5352999,-0.025326023,-0.541034,-0.3032341,-0.47124484,-0.18129359,-0.68066674,-0.34981418,-0.79551935,-0.37804946,0.0,0.0
0.17650487,-0.20801204,-0.16594088,-0.27143016,-0.08689363,-0.27241236,-0.16681369,-0.5622165,-0.031523585,-0.5642938,-0.34726506,-0.56002957,-0.17664048,-0.81759405,-0.37440288,-0.91508865,-0.36602718,0.0,0.0
0.15638722,-0.18114606,-0.14570211,-0.23260848,-0.06979202,-0.21307397,-0.097516336,-0.5353612,0.0029786944,-0.5280389,-0.23222542,-0.43848622,-0.1892938,-0.8159172,-0.18959199,-0.76123315,-0.3594105,0.0,0.0
0.16873999,-0.20811364,-0.17061593,-0.27056924,-0.09749181,-0.2792553,-0.1821149,-0.57681125,-0.03756774,-0.5820002,-0.40260544,-0.6051844,-0.22875153,-0.82542485,-0.40484485,-0.7529849,-0.5446432,0.0,0.0
0.15309343,-0.19882277,-0.12681006,-0.25955784,-0.06522428,-0.26501286,-0.14894845,-0.46468905,-0.022822045,-0.4832572,-0.28401434,-0.44291866,-0.16770011,-0.5149064,-0.2928106,-0.59297925,-0.4041119,0.0,0.0
0.16376686,-0.21252748,-0.13678753,-0.2694945,-0.07169209,-0.26407152,-0.13065928,-0.51341575,-0.018031275,-0.53258646,-0.29440433,-0.5144618,-0.19072327,-0.5362317,-0.3025736,-0.9372658,-0.39040345,0.0,0.0
0.16473216,-0.22099048,-0.13968629,-0.30748343,-0.08402898,-0.30943546,-0.17490427,-0.55300206,-0.02708016,-0.5767285,-0.27945632,-0.54369146,-0.1504007,-0.5754811,-0.30811915,-0.66234773,-0.4811964,0.0,0.0
0.16165562,-0.22273046,-0.12681578,-0.30690792,-0.079767555,-0.31611434,-0.17533445,-0.56264687,-0.040514357,-0.5686959,-0.3414551,-0.6312542,-0.106855184,-0.6661126,-0.31109798,-0.76225454,-0.49783054,0.0,0.0
0.17059894,-0.2325047,-0.15116252,-0.3107455,-0.096616246,-0.30173892,-0.13714598,-0.63544047,-0.031416915,-0.6270432,-0.38778615,-0.65857667,-0.16529576,-0.6988877,-0.31677252,-0.93920946,-0.47653183,0.0,0.0
0.14287129,-0.18276861,-0.13053304,-0.2553413,-0.084570356,-0.24421096,-0.11196275,-0.66491896,-0.025069783,-0.65311015,-0.40399197,-0.68507385,-0.19996646,-0.74815583,-0.36669216,-0.9276812,-0.48559093,0.0,0.0
0.16319457,-0.22881916,-0.17296553,-0.30543062,-0.10788007,-0.32053617,-0.19872572,-0.6946512,-0.040176835,-0.6998025,-0.44264585,-0.7109825,-0.22041258,-0.7857463,-0.40713558,-0.93593436,-0.48059526,0.0,0.0
0.16501985,-0.2222335,-0.16166387,-0.2985357,-0.09383766,-0.30707532,-0.1756559,-0.5900932,-0.036916856,-0.60840154,-0.2942434,-0.555622,-0.22710319,-0.6219118,-0.4095952,-0.80435944,-0.5103381,0.0,0.0
0.15867153,-0.23307851,-0.16082269,-0.29914752,-0.10324707,-0.3002781,-0.16999519,-0.6488006,-0.028765425,-0.6585015,-0.37535346,-0.58571386,-0.25453803,-0.6465476,-0.32554013,-1.1366227,-0.43351445,0.0,0.0
0.1610633,-0.23169589,-0.14609738,-0.3333869,-0.102928095,-0.33187556,-0.16912182,-0.6104649,-0.041509748,-0.6349188,-0.2384342,-0.500354,-0.19082658,-0.5749976,-0.29725435,-0.75282013,-0.58911115,0.0,0.0
0.15040377,-0.22562416,-0.14115725,-0.33027187,-0.09524748,-0.320267,-0.13650624,-0.63677895,-0.020334829,-0.67230034,-0.2547747,-0.54214364,-0.16379243,-0.67642736,-0.26552096,-0.7722649,-0.45263463,0.0,0.0
0.14833213,-0.22210829,-0.13752863,-0.33494174,-0.09922199,-0.34513766,-0.18363625,-0.6569432,-0.013785428,-0.67870635,-0.34494266,-0.61717695,-0.17422505,-0.69354624,-0.40865457,-0.95701545,-0.4844742,0.0,0.0
0.15641718,-0.24878128,-0.13484585,-0.36045226,-0.08743976,-0.33035728,-0.1239335,-0.6899822,0.0014171079,-0.6992902,-0.36332637,-0.66064054,-0.13625325,-0.74370086,-0.44920847,-0.9682121,-0.43235692,0.0,0.0
0.1454827,-0.2287175,-0.12554878,-0.33639175,-0.07784689,-0.30337667,-0.115097135,-0.67497635,0.007958188,-0.6884388,-0.3596762,-0.6179474,-0.14119157,-0.66532254,-0.40602016,-1.0698428,-0.54098934,0.0,0.0
0.1548805,-0.25447306,-0.13092276,-0.35529476,-0.08196576,-0.31656238,-0.11066475,-0.76268387,0.010586423,-0.7806546,-0.43315065,-0.7583078,-0.1510047,-0.84092325,-0.35482427,-1.0054057,-0.47438562,0.0,0.0
0.15413938,-0.24990684,-0.1327169,-0.3627331,-0.0725577,-0.32428002,-0.11062532,-0.74749327,0.009509905,-0.7775931,-0.3760843,-0.7301021,-0.1700078,-0.8100281,-0.36333984,-1.0069903,-0.59390765,0.0,0.0
0.14596224,-0.23907514,-0.12210348,-0.3218991,-0.06497963,-0.27865845,-0.07295399,-0.71663535,0.013566419,-0.7478982,-0.3588855,-0.65830064,-0.15837187,-0.73370624,-0.30224368,-1.0777797,-0.40801418,0.0,0.0
0.15795875,-0.26558828,-0.14549,-0.38900283,-0.06800031,-0.35529152,-0.12105116,-0.7230151,0.0039699078,-0.7699118,-0.35710368,-0.6861012,-0.2011391,-0.7630984,-0.38193104,-1.1357614,-0.5382647,0.0,0.0
0.15539543,-0.2641099,-0.12554213,-0.3832905,-0.051035855,-0.34809077,-0.09477847,-0.659212,0.009811369,-0.71651375,-0.28478467,-0.6142452,-0.2006373,-0.66820025,-0.33454537,-0.9379531,-0.56013983,0.0,0.0
0.14923705,-0.2539525,-0.1347002,-0.3696667,-0.05556888,-0.34146073,-0.10358921,-0.6784115,0.012543018,-0.73914087,-0.2901767,-0.60213244,-0.2702852,-0.6530156,-0.31815937,-1.0240785,-0.5138632,0.0,0.0
0.14935397,-0.2534542,-0.14053571,-0.33199337,-0.043537784,-0.30170843,-0.07114959,-0.68464077,0.016561003,-0.729866,-0.31350097,-0.5807594,-0.22621089,-0.6154644,-0.3333626,-1.0337653,-0.4084993,0.0,0.0
0.1603815,-0.28428328,-0.15497808,-0.3932911,-0.062811896,-0.37229562,-0.09179895,-0.7085927,0.010291893,-0.75913376,-0.32684383,-0.6401243,-0.19453765,-0.76224804,-0.42500132,-0.7755312,-0.54404634,0.0,0.0
0.15072888,-0.27329558,-0.15363064,-0.3659028,-0.0712587,-0.3291521,-0.08131137,-0.7597743,0.0046046465,-0.79134196,-0.41347635,-0.7248228,-0.17371933,-0.8506199,-0.3307165,-1.0506777,-0.4662816,0.0,0.0
0.14925253,-0.26656598,-0.16293338,-0.38441992,-0.08322364,-0.36605033,-0.12662342,-0.75031656,-0.008650382,-0.7906828,-0.4475554,-0.72877485,-0.15382935,-0.8238803,-0.34100097,-0.9471676,-0.62060666,0.0,0.0
0.15656427,-0.28631952,-0.15846781,-0.40300912,-0.09117888,-0.37818292,-0.11123012,-0.7154003,0.0012248091,-0.7556472,-0.38313034,-0.6260111,-0.121734,-0.6969496,-0.25425342,-0.87056834,-0.5547153,0.0,0.0
0.1652683,-0.31099072,-0.15282027,-0.4366164,-0.104197204,-0.4074866,-0.13715105,-0.7035464,-0.004075829,-0.7554859,-0.36750448,-0.72240347,-0.1324668,-0.7914907,-0.33595756,-0.890879,-0.64726055,0.0,0.0
0.14839919,-0.29582012,-0.13641104,-0.4040963,-0.0933783,-0.36703295,-0.14831765,-0.7296871,-0.0047458573,-0.7772962,-0.38937277,-0.74882627,-0.14935549,-0.8183664,-0.35109872,-0.9027576,-0.563744,0.0,0.0
0.1471808,-0.30589852,-0.13424246,-0.4066015,-0.0782424,-0.3578178,-0.1149222,-0.73039746,0.0076762945,-0.78477305,-0.2933434,-0.74181473,-0.15852804,-0.80867743,-0.40310308,-0.8529777,-0.545732,0.0,0.0
0.14491348,-0.30362874,-0.106309004,-0.39213932,-0.05025656,-0.37206686,-0.102098115,-0.62643176,0.010166156,-0.71213406,-0.17298882,-0.64760077,-0.13697737,-0.6956649,-0.4035852,-0.7759808,-0.5839957,0.0,0.0
0.15010683,-0.33069152,-0.13025483,-0.41638407,-0.059817288,-0.39428774,-0.11251028,-0.6795918,0.0075024506,-0.74440455,-0.1929402,-0.62051976,-0.18120709,-0.6726308,-0.27103445,-0.80372614,-0.49134493,0.0,0.0
0.15051782,-0.3242645,-0.12207724,-0.4324706,-0.04874435,-0.3976871,-0.12036426,-0.7654793,0.0027129166,-0.8254868,-0.24479997,-0.7784022,-0.26890728,-0.8582539,-0.42103666,-0.93876857,-0.65577346,0.0,0.0
0.14988881,-0.32042423,-0.12159979,-0.41175964,-0.045488495,-0.39586952,-0.08222905,-0.6867018,0.013255702,-0.752611,-0.15957442,-0.6661246,-0.24360941,-0.7021601,-0.40933117,-0.70068496,-0.6224669,0.0,0.0
0.14576958,-0.31554317,-0.12412007,-0.37604293,-0.06195341,-0.3501453,-0.08224075,-0.71880054,0.010103371,-0.76075387,-0.22142741,-0.63039637,-0.23652971,-0.62387604,-0.34435636,-1.1192309,-0.49816093,0.0,0.0
0.15204465,-0.3262141,-0.13729729,-0.40276837,-0.068742394,-0.3930696,-0.09719272,-0.7343173,0.005895961,-0.7759668,-0.25156403,-0.7044176,-0.16135141,-0.73942107,-0.43488318,-0.8797255,-0.6514257,0.0,0.0
0.14406636,-0.3236291,-0.12252365,-0.40417922,-0.061334886,-0.3736815,-0.10838991,-0.77040684,0.005373367,-0.80223644,-0.31817892,-0.7527273,-0.19084378,-0.7820561,-0.43327993,-0.9138115,-0.6068839,0.0,0.0
0.13566522,-0.2998727,-0.11980763,-0.37500492,-0.06366912,-0.3253447,-0.09369661,-0.78526986,0.009664122,-0.7966592,-0.3687631,-0.71665263,-0.22867656,-0.75782615,-0.3298409,-1.242353,-0.54782754,0.0,0.0
0.15396619,-0.37012684,-0.12651901,-0.48748448,-0.050575882,-0.44452205,-0.14065349,-0.7721621,0.0051776394,-0.8115514,-0.325156,-0.70523846,-0.14539535,-0.72441,-0.3717838,-0.8682489,-0.6013449,0.0,0.0
0.14837703,-0.3481936,-0.1281611,-0.44685113,-0.053816658,-0.38519758,-0.098403685,-0.8529338,0.009714559,-0.87975913,-0.3389042,-0.8182794,-0.25036445,-0.85462695,-0.3670378,-1.2311604,-0.6011242,0.0,0.0
0.15803947,-0.37099338,-0.11825309,-0.48372877,-0.04734031,-0.4287056,-0.09408903,-0.76873326,0.0040492774,-0.8190787,-0.24269938,-0.7596001,-0.20584847,-0.77909786,-0.40939984,-1.0295796,-0.703672,0.0,0.0
0.14684868,-0.344532,-0.11912001,-0.4277047,-0.05587162,-0.3638092,-0.06346188,-0.8405876,0.008999341,-0.87824225,-0.24621168,-0.77685183,-0.23792729,-0.8557388,-0.27549684,-1.0834107,-0.56279224,0.0,0.0
0.15163523,-0.34892607,-0.13622184,-0.47777158,-0.06391066,-0.42150983,-0.10213722,-0.89787877,-0.0008437156,-0.94665015,-0.29667905,-0.92452276,-0.22198418,-0.9675585,-0.3922316,-1.2510233,-0.7030206,0.0,0.0
0.1476639,-0.37445363,-0.13330838,-0.4989119,-0.05437718,-0.44813457,-0.11753055,-0.87291527,-0.0117122745,-0.9295561,-0.3206764,-0.8658166,-0.21332575,-0.8941974,-0.31268227,-1.4114674,-0.5450735,0.0,0.0
0.15236932,-0.35424086,-0.14519742,-0.5270146,-0.05527793,-0.49699944,-0.13431148,-0.8691248,-0.012012056,-0.94870263,-0.2578947,-0.9175065,-0.13365625,-0.94950247,-0.51878303,-1.019263,-0.68870664,0.0,0.0
0.13504954,-0.32374707,-0.115760505,-0.47787672,-0.04136527,-0.43291777,-0.10532667,-0.7681601,-0.005059261,-0.838138,-0.2423667,-0.7250675,-0.12837042,-0.7236633,-0.46937165,-1.0944899,-0.53036386,0.0,0.0
0.15399326,-0.37141895,-0.10890924,-0.46338868,-0.04376717,-0.41815323,-0.06793895,-0.7159764,0.0070657334,-0.7827232,-0.2434254,-0.6990662,-0.14911693,-0.72443455,-0.3962557,-0.9997176,-0.45427388,0.0,0.0
0.14114976,-0.35304302,-0.13480297,-0.44339785,-0.06040696,-0.38081977,-0.09915188,-0.94203126,0.0010878624,-0.97840893,-0.447196,-1.0167847,-0.22854596,-1.06392,-0.37948677,-1.3400729,-0.6464992,0.0,0.0
0.14823315,-0.39006332,-0.14743337,-0.4938578,-0.057490434,-0.43191898,-0.13259858,-0.94068366,0.008261799,-0.9826807,-0.44111907,-1.0655864,-0.19531,-1.0577042,-0.35009083,-1.2263769,-0.7937614,0.0,0.0
0.15672608,-0.4113903,-0.1391389,-0.50947344,-0.04281704,-0.45269394,-0.103124395,-0.8478229,0.014152978,-0.91195995,-0.2387596,-0.7825447,-0.22998095,-0.7421943,-0.37198105,-1.1003553,-0.6140119,0.0,0.0
0.14300074,-0.36804128,-0.13941821,-0.48707318,-0.05649923,-0.40781415,-0.13626751,-1.0301489,0.012582571,-1.0542635,-0.39828247,-0.97030544,-0.32338896,-1.0186024,-0.38261387,-1.6191828,-0.5911392,0.0,0.0
0.1407461,-0.36123243,-0.12636325,-0.48938635,-0.05174364,-0.43173,-0.13801517,-0.8648749,0.01061254,-0.91537184,-0.27300343,-0.76685536,-0.31062213,-0.81050783,-0.4215046,-1.2638136,-0.56420344,0.0,0.0
0.15349741,-0.39939713,-0.14909455,-0.54781735,-0.05540623,-0.4957523,-0.14860708,-0.8841203,0.010126092,-0.9614966,-0.18680035,-0.81071365,-0.3074424,-0.8481297,-0.63229424,-1.0582576,-0.64496124,0.0,0.0
0.16602097,-0.42752203,-0.16699097,-0.5383221,-0.07313967,-0.47993058,-0.123706885,-0.9032375,0.0144062815,-0.98768395,-0.20101234,-0.8054173,-0.25771865,-0.8198155,-0.53145164,-1.1045821,-0.69390374,0.0,0.0
0.1459474,-0.37735015,-0.14677158,-0.46904397,-0.07051546,-0.38908786,-0.101163685,-1.0238367,0.011123024,-1.0659238,-0.41406244,-0.97531027,-0.24928327,-1.0658154,-0.3945716,-1.8291937,-0.6873621,0.0,0.0
0.13416149,-0.3643251,-0.116932474,-0.4362443,-0.04418131,-0.39187428,-0.06655139,-0.82766396,0.014395284,-0.8950368,-0.30938646,-0.7141932,-0.12198885,-0.7725126,-0.3143918,-1.1406989,-0.5345691,0.0,0.0
0.1642301,-0.4204332,-0.15989761,-0.54804105,-0.04014251,-0.5595113,-0.094142735,-1.0489179,0.012718474,-1.1193134,-0.33392093,-0.9741824,-0.18273076,-1.0271102,-0.5212499,-1.106271,-0.8106282,0.0,0.0
0.15636998,-0.42624575,-0.15531448,-0.5479074,-0.045261562,-0.52320915,-0.105856076,-1.043992,0.012062943,-1.1070353,-0.37445462,-1.0086809,-0.29308644,-1.0178936,-0.40566376,-1.3406888,-0.74538684,0.0,0.0
0.14930224,-0.41245493,-0.15495017,-0.4813274,-0.0666215,-0.4345608,-0.033130538,-1.1050302,0.011827963,-1.1925979,-0.19593383,-0.9217925,-0.45918342,-0.97278816,-0.33828703,-1.4089234,-0.55676264,0.0,0.0
0.16335782,-0.4697634,-0.13361941,-0.55871266,-0.06314736,-0.47070578,-0.060235552,-1.1193819,0.012824765,-1.2031735,-0.19980483,-0.9837018,-0.43977574,-0.99563825,-0.37347156,-1.5948657,-0.63280517,0.0,0.0
0.15294366,-0.4468172,-0.14329262,-0.5517833,-0.08655677,-0.46560487,-0.11387025,-1.1227238,0.015173162,-1.2050927,-0.25488624,-1.0322534,-0.4003112,-1.0563668,-0.44062972,-1.4639586,-0.7650106,0.0,0.0
0.14842114,-0.433753,-0.14625531,-0.5170527,-0.10142563,-0.4273967,-0.10514198,-1.1271465,0.015292256,-1.206604,-0.25623035,-0.9618988,-0.33268592,-0.96044856,-0.40305045,-1.3203874,-0.52400035,0.0,0.0
0.15434068,-0.43096045,-0.14164315,-0.5510013,-0.108745165,-0.50512,-0.121622846,-1.0178133,0.01487595,-1.108421,-0.2156096,-0.90015,-0.2710234,-0.8915781,-0.5212827,-1.1750125,-0.6823386,0.0,0.0
0.14491977,-0.42575124,-0.14328001,-0.5264693,-0.09637885,-0.45274344,-0.14208719,-1.0677003,0.014262277,-1.1378005,-0.2519497,-0.8307208,-0.25713366,-0.7649703,-0.45045617,-1.3970245,-0.5835598,0.0,0.0
0.14546964,-0.41614068,-0.15829313,-0.579049,-0.09795855,-0.48277822,-0.18079057,-1.1852714,0.013982854,-1.2662885,-0.2909013,-1.1329601,-0.28667378,-1.0620804,-0.7051745,-1.5614569,-0.8416495,0.0,0.0
0.1495049,-0.44525215,-0.15374132,-0.5981036,-0.08804243,-0.5181297,-0.14134848,-1.0212681,0.01377137,-1.1296527,-0.22347976,-0.91694367,-0.2339013,-0.85989213,-0.6311342,-1.2337794,-0.7512853,0.0,0.0
0.15357007,-0.43666396,-0.15144025,-0.6699733,-0.09284078,-0.58970535,-0.12980045,-1.0504577,0.013419235,-1.1715811,-0.24047181,-1.0219923,-0.22727941,-1.0060769,-0.72655237,-1.2141466,-0.9505968,0.0,0.0
0.15884438,-0.45163402,-0.19843723,-0.601243,-0.11255956,-0.5036831,-0.087805666,-1.1752719,0.012715995,-1.3081299,-0.24326415,-1.1386037,-0.28968936,-1.200424,-0.63304603,-1.6211885,-0.8789756,0.0,0.0
0.15175177,-0.45928806,-0.15202531,-0.6389485,-0.07341618,-0.5680146,-0.12165729,-0.9577086,0.011702985,-1.0877111,-0.20566449,-0.921476,-0.18664785,-0.91766715,-0.5662847,-1.2108939,-0.83826417,0.0,0.0
0.13920557,-0.4028293,-0.15679422,-0.5945205,-0.07629853,-0.50303173,-0.063882045,-1.254316,0.011878107,-1.3821766,-0.21761322,-1.1962167,-0.33028454,-1.2987785,-0.61178637,-1.870831,-0.8128071,0.0,0.0
0.15126538,-0.47014418,-0.15330857,-0.6580086,-0.055998284,-0.59553874,-0.13403542,-1.0147374,0.011231632,-1.1335981,-0.27982363,-1.0592647,-0.20708624,-1.0972049,-0.5365867,-1.1155763,-0.7730636,0.0,0.0
0.14313534,-0.44127965,-0.1547101,-0.5866333,-0.07533299,-0.5076337,-0.11272103,-1.178642,0.010614748,-1.2822083,-0.30930668,-1.1765105,-0.28357542,-1.1774378,-0.55444896,-1.9660306,-0.7098692,0.0,0.0
0.14352934,-0.442421,-0.14203215,-0.62726575,-0.07041828,-0.550942,-0.09207006,-1.1223164,0.012470019,-1.2497374,-0.20944601,-1.1414944,-0.2545972,-1.1121844,-0.6229017,-1.5585065,-0.8789143,0.0,0.0
0.15460756,-0.48062718,-0.17164661,-0.622432,-0.09189704,-0.53143466,-0.10941118,-1.0625811,0.012193417,-1.2014018,-0.21354626,-1.0550493,-0.23676011,-1.0080769,-0.51995313,-1.3738713,-0.8273181,0.0,0.0
0.15077446,-0.46509737,-0.18445657,-0.6141037,-0.11490099,-0.4805579,-0.099095,-1.1995356,0.012313455,-1.3336939,-0.2535118,-1.1939579,-0.3356502,-1.1581686,-0.5260534,-1.6742734,-0.8900432,0.0,0.0
0.14283201,-0.47107875,-0.14134789,-0.6561727,-0.09053683,-0.5341354,-0.12278255,-0.9657593,0.010727695,-1.0829464,-0.2099892,-0.91156346,-0.25516614,-0.8117681,-0.5553443,-1.2192211,-0.77994037,0.0,0.0
0.15159267,-0.4994497,-0.16363762,-0.6747954,-0.099846594,-0.5544343,-0.17007464,-1.0335461,0.011373786,-1.1469923,-0.2915342,-0.9913954,-0.27624723,-0.92643684,-0.56749755,-1.4614738,-0.7980747,0.0,0.0
0.14645286,-0.46631527,-0.19051665,-0.5680884,-0.102104366,-0.4724888,-0.11116964,-1.1670669,0.011016374,-1.2746207,-0.33419335,-1.1003623,-0.25999254,-1.0812958,-0.53186643,-1.6242285,-0.819708,0.0,0.0
0.15658237,-0.50976795,-0.14713967,-0.59230244,-0.08290115,-0.51459616,-0.10672722,-0.9152516,0.010561755,-1.0229107,-0.26368317,-0.7810718,-0.18925229,-0.7756706,-0.4186358,-1.3316511,-0.80718035,0.0,0.0
0.1577627,-0.53256345,-0.15086815,-0.64935315,-0.082423165,-0.5639859,-0.13139734,-1.0006487,0.010709895,-1.1043448,-0.28901118,-1.0095748,-0.2594135,-0.9788917,-0.5837795,-1.5484679,-0.94462603,0.0,0.0
0.14570776,-0.4934798,-0.12415896,-0.5795225,-0.069596834,-0.50280386,-0.07713109,-0.9126372,0.0065287226,-1.0346696,-0.1741881,-0.8777869,-0.2303353,-0.8484772,-0.46230704,-1.0906355,-0.80767035,0.0,0.0
0.15311807,-0.5162738,-0.16508405,-0.61844623,-0.075214684,-0.5154562,-0.10519872,-1.1861125,0.0056213355,-1.3052171,-0.24909136,-1.2032036,-0.3160981,-1.2257595,-0.48639166,-1.6893318,-0.97883487,0.0,0.0
0.1516763,-0.5237772,-0.13024692,-0.64162385,-0.055081684,-0.5642033,-0.09758552,-1.0026915,0.008399094,-1.1166812,-0.17424071,-0.9881417,-0.23684818,-0.9316382,-0.47656778,-1.2867148,-0.798232,0.0,0.0
0.15719964,-0.54620206,-0.1388687,-0.71327174,-0.051688425,-0.6381645,-0.12806563,-1.0561912,0.009727332,-1.1650674,-0.22876346,-1.0923252,-0.21967061,-1.0042938,-0.582028,-1.4070324,-1.0109122,0.0,0.0
0.15283293,-0.5258808,-0.14757265,-0.69788605,-0.056572393,-0.6191139,-0.105778456,-1.1966034,0.009993609,-1.308349,-0.25050515,-1.1805681,-0.2793724,-1.063431,-0.6428676,-1.7202537,-1.0981474,0.0,0.0
0.16336831,-0.55516887,-0.16029346,-0.7030616,-0.0579778,-0.6241581,-0.08533787,-1.2722737,0.00997557,-1.3817832,-0.2628389,-1.215952,-0.25382808,-1.1110224,-0.70021456,-2.0154972,-1.0085638,0.0,0.0
0.14429192,-0.4879548,-0.12900315,-0.58613604,-0.05420302,-0.545489,-0.052780665,-0.9772631,0.009767314,-1.0961602,-0.18858899,-0.9376616,-0.108375505,-0.94300795,-0.5415004,-1.3594818,-0.7979297,0.0,0.0
0.14287186,-0.5145574,-0.10454777,-0.5959606,-0.05429003,-0.5247299,-0.080112085,-0.9235447,0.008859864,-1.0312861,-0.23101741,-0.90103024,-0.14673212,-0.8793015,-0.46721447,-1.2539749,-0.809298,0.0,0.0
0.1516214,-0.5640069,-0.13231362,-0.64619493,-0.06270641,-0.5482033,-0.11734469,-1.0546651,0.008737664,-1.1637986,-0.28615788,-1.0614947,-0.21075058,-1.0458175,-0.5249156,-1.4704424,-0.90037507,0.0,0.0
0.13712604,-0.5136306,-0.11198984,-0.5577326,-0.06462025,-0.48318923,-0.07844343,-0.98383206,0.009249643,-1.0978029,-0.1398438,-0.86998504,-0.27202967,-0.8068626,-0.46831548,-1.623304,-0.63503087,0.0,0.0
0.15179951,-0.57113916,-0.14942664,-0.6530998,-0.05766251,-0.6125891,-0.14356512,-1.2620714,0.00975353,-1.3851339,-0.21338275,-1.2410467,-0.2941857,-1.1288868,-0.67811775,-1.9070716,-0.9561241,0.0,0.0
0.13266978,-0.5024213,-0.13726407,-0.5293175,-0.060913265,-0.5215853,-0.07537494,-1.1308382,0.012705058,-1.2834334,-0.1925974,-1.1437519,-0.31885597,-1.0742322,-0.5775176,-1.6271807,-1.0051227,0.0,0.0
0.14759403,-0.57379866,-0.13348426,-0.6210378,-0.06666615,-0.5840914,-0.08081312,-1.1463909,0.0025692096,-1.2557323,-0.18681495,-1.1115338,-0.33321008,-1.0373403,-0.6639588,-1.806958,-0.9542055,0.0,0.0
0.14409448,-0.59032637,-0.13596551,-0.6252812,-0.07941664,-0.52981,-0.07804646,-1.181523,-0.0060258275,-1.2731922,-0.24340741,-1.0873182,-0.33273488,-1.0730436,-0.52827007,-1.742691,-0.8982212,0.0,0.0
0.1546215,-0.6209023,-0.13007239,-0.66969407,-0.06410076,-0.5753973,-0.10299503,-1.119762,-0.017913349,-1.1878166,-0.2559083,-1.0221267,-0.29292104,-0.9712399,-0.5237192,-1.442261,-1.0504937,0.0,0.0
0.1468127,-0.6057593,-0.12784338,-0.69315076,-0.05582993,-0.58472866,-0.12473423,-1.0935409,-0.00894731,-1.144583,-0.34017766,-1.0365188,-0.29182717,-0.974108,-0.56138253,-1.6955856,-0.8615667,0.0,0.0
0.14512043,-0.6075329,-0.13871294,-0.72392523,-0.060975455,-0.6106028,-0.16830604,-1.173322,0.0018468413,-1.2268867,-0.38994458,-1.1519221,-0.32401106,-1.0604377,-0.5887802,-1.9521602,-0.9101133,0.0,0.0
0.13411984,-0.5213377,-0.13484852,-0.6246682,-0.0669073,-0.5436441,-0.066820204,-0.9932853,-0.015454834,-1.0624676,-0.1852043,-0.98879755,-0.25655708,-0.93645984,-0.5636381,-1.446915,-1.0086577,0.0,0.0
0.1459267,-0.58849025,-0.15679345,-0.73146474,-0.06129756,-0.6434967,-0.09374069,-1.1487712,-0.021220237,-1.2686826,-0.25251022,-1.2312448,-0.22685362,-1.156124,-0.59459233,-1.6793094,-0.96200514,0.0,0.0
0.14096354,-0.55100465,-0.17242783,-0.6620525,-0.07057885,-0.570745,-0.07024889,-1.2130629,-0.0050315815,-1.372735,-0.23152933,-1.2774523,-0.3724284,-1.2481146,-0.51258695,-2.0352461,-0.89375174,0.0,0.0
0.1412495,-0.5732095,-0.13249213,-0.7266964,-0.038081247,-0.6403022,-0.116783045,-1.0313555,0.007992668,-1.093779,-0.17011887,-1.0802534,-0.30439448,-0.987572,-0.6421753,-1.5268991,-1.0919644,0.0,0.0
0.1402341,-0.5528343,-0.16216591,-0.6453705,-0.061258692,-0.56739485,-0.07344837,-1.1809032,0.0075583453,-1.2451261,-0.22401388,-1.2517105,-0.43295532,-1.2162344,-0.61626273,-1.7832193,-1.138869,0.0,0.0
0.15533945,-0.6405735,-0.19551687,-0.7720559,-0.055747412,-0.6713797,-0.1562129,-1.3701206,0.00062853016,-1.3911128,-0.35569417,-1.4329541,-0.3834992,-1.3007393,-0.7415927,-1.9380257,-1.174427,0.0,0.0
0.14165848,-0.57566637,-0.16552173,-0.6258361,-0.0740038,-0.5217178,-0.10558748,-1.2957475,0.007173326,-1.3665582,-0.24482813,-1.2684865,-0.44546032,-1.1604728,-0.62290466,-2.0421374,-1.0995872,0.0,0.0
0.1482862,-0.6010659,-0.16625206,-0.6293025,-0.07384325,-0.5241979,-0.105694935,-1.2870665,0.0069145444,-1.3411384,-0.25560984,-1.3402025,-0.4017515,-1.2428085,-0.71158665,-2.003475,-1.255333,0.0,0.0
0.14795697,-0.5850091,-0.14841963,-0.6227737,-0.064007066,-0.53626543,-0.093667075,-1.1513588,0.006767616,-1.2012256,-0.1695749,-1.0857265,-0.3737589,-1.0416048,-0.66783226,-1.7019544,-1.2203567,0.0,0.0
0.14569524,-0.57603997,-0.14132425,-0.623318,-0.07251146,-0.5307816,-0.103408255,-1.1958605,0.004550063,-1.2229444,-0.16737346,-1.0837758,-0.35604692,-1.0668956,-0.63624173,-1.8254377,-1.0377023,0.0,0.0
0.14401534,-0.5790654,-0.15926184,-0.60564953,-0.095349684,-0.5108347,-0.0937943,-1.2703424,0.0061472366,-1.2996395,-0.1295176,-1.1159683,-0.4543121,-1.0881181,-0.6604935,-1.7076771,-0.9488404,0.0,0.0
0.14362913,-0.57838374,-0.15836903,-0.568605,-0.108256206,-0.46540186,-0.06725925,-1.3159382,0.0062291846,-1.358754,-0.1084101,-1.1733481,-0.51060563,-1.1850648,-0.6253852,-1.970445,-1.0230166,0.0,0.0
0.14774638,-0.6047427,-0.1558126,-0.61090267,-0.10513243,-0.5441312,-0.10664266,-1.1490672,0.0050807167,-1.1927015,-0.14319451,-1.0551013,-0.42212987,-0.9901978,-0.7025938,-1.5207915,-1.2023116,0.0,0.0
0.15314408,-0.6198113,-0.14936164,-0.6495451,-0.10477324,-0.58813256,-0.12422162,-1.3436859,0.0037147654,-1.3465549,-0.20335591,-1.2359712,-0.447353,-1.1478168,-0.7542538,-1.9200071,-1.2236097,0.0,0.0
0.13798657,-0.5585711,-0.1339527,-0.563485,-0.103634514,-0.49653712,-0.06137356,-1.2655785,0.0047732014,-1.294733,-0.09767164,-1.135251,-0.39078045,-1.0914171,-0.5783794,-2.0862272,-1.0525286,0.0,0.0
0.15901056,-0.6679139,-0.1794334,-0.7283569,-0.095779695,-0.6716084,-0.1362943,-1.1678648,-0.0010738523,-1.1873454,-0.22347023,-1.1359705,-0.35767433,-1.0277205,-0.8220032,-1.6280363,-1.486273,0.0,0.0
0.14578599,-0.6125456,-0.1760231,-0.7236204,-0.09232311,-0.6438452,-0.10748829,-1.2820681,-0.017067455,-1.2951801,-0.1623944,-1.2207743,-0.40208098,-1.1524612,-0.8103446,-1.7498975,-1.3239135,0.0,0.0
0.15607785,-0.6590304,-0.22418009,-0.7755279,-0.09589331,-0.67396516,-0.13961597,-1.4533451,0.0002851596,-1.4506351,-0.2368953,-1.3934392,-0.43055135,-1.345464,-0.7816163,-2.0844984,-1.4723163,0.0,0.0
0.1433568,-0.6355573,-0.15203673,-0.71423733,-0.069732465,-0.6217029,-0.14031287,-1.2363429,0.0007265343,-1.2326379,-0.25816768,-1.1172853,-0.27736485,-1.0660444,-0.5481229,-1.6338556,-1.1948291,0.0,0.0
0.13890845,-0.6605804,-0.13636757,-0.79088247,-0.056377795,-0.67865807,-0.17364772,-1.4335614,0.0038713065,-1.4062333,-0.33338618,-1.3811797,-0.32449377,-1.277812,-0.7659925,-2.3218207,-1.288997,0.0,0.0
0.13954896,-0.62031597,-0.14417236,-0.738868,-0.06357415,-0.66079664,-0.123529784,-1.3181163,0.0047270344,-1.3139998,-0.23481348,-1.39455,-0.33593157,-1.3009238,-0.8651314,-2.172491,-1.580432,0.0,0.0
0.13674474,-0.6229806,-0.16684835,-0.6660407,-0.08125536,-0.5892526,-0.10988761,-1.3049002,0.003992744,-1.3140961,-0.2278359,-1.207244,-0.27046648,-1.1683358,-0.5357147,-2.0566576,-1.0264452,1.0,0.0
0.14887483,-0.6553392,-0.1764561,-0.68285704,-0.079886876,-0.5981587,-0.11862242,-1.3217784,0.0039373203,-1.3391645,-0.23236907,-1.2231317,-0.31080383,-1.1916902,-0.6220412,-1.971876,-1.396395,1.0,0.0
0.14136827,-0.6353204,-0.13642874,-0.6758057,-0.079026066,-0.60611296,-0.10616231,-1.1622635,0.003969513,-1.2016408,-0.19017304,-1.0340561,-0.29282597,-0.9830831,-0.65872884,-1.6562386,-1.2012641,1.0,0.0
0.15433446,-0.7162813,-0.16332182,-0.74008834,-0.098786406,-0.6406676,-0.14079547,-1.191125,0.003509759,-1.2202728,-0.20071623,-1.0864346,-0.28436908,-1.0086236,-0.6971091,-1.7447894,-1.4064292,1.0,0.0
0.14233181,-0.64202917,-0.15921971,-0.6534203,-0.10762673,-0.5343126,-0.10547062,-1.2760483,0.00368949,-1.3136765,-0.17289613,-1.1778522,-0.3320365,-1.1199806,-0.6317209,-1.906082,-1.2728933,1.0,0.0
0.13552794,-0.61712354,-0.12864147,-0.6438681,-0.09571279,-0.5299636,-0.1272733,-1.2037847,0.0018794889,-1.2374774,-0.14331758,-1.1017141,-0.32405218,-1.0134685,-0.6042328,-1.834813,-1.2777108,1.0,0.0
0.13463576,-0.6131591,-0.14196075,-0.6345794,-0.094463,-0.529932,-0.11809245,-1.2709455,-0.0029681504,-1.2865857,-0.119043104,-1.1820531,-0.26839498,-1.1037517,-0.6591794,-1.7721877,-1.359351,1.0,0.0
0.15490893,-0.7060672,-0.19297476,-0.73006636,-0.11947412,-0.6210531,-0.13715737,-1.4467447,-0.013179044,-1.4500111,-0.15711902,-1.3698459,-0.4163851,-1.2654617,-0.7524071,-1.9196731,-1.5951319,1.0,0.0
0.13571218,-0.6370722,-0.15987302,-0.6613012,-0.0957275,-0.56135833,-0.124677695,-1.2472113,-0.00407008,-1.2962892,-0.14778787,-1.1371799,-0.4762138,-0.9987653,-0.69884574,-1.7384453,-1.2706249,1.0,0.0
0.14942218,-0.674767,-0.17191912,-0.73285145,-0.082522854,-0.6414415,-0.13515812,-1.2710452,0.0017890903,-1.3266346,-0.1068819,-1.1564597,-0.42399013,-0.983392,-0.70857996,-1.7179803,-1.4638633,1.0,0.0
0.13432778,-0.6299108,-0.16912311,-0.65109473,-0.08314146,-0.57066756,-0.1344715,-1.2258325,0.0028952411,-1.2962283,-0.12986061,-1.0171512,-0.3390354,-0.8660846,-0.5994272,-1.7546334,-1.1371561,1.0,0.0
0.1422575,-0.6669153,-0.17816502,-0.6832892,-0.07755475,-0.6056834,-0.1407218,-1.2505264,0.0025738222,-1.3133854,-0.20766582,-1.088686,-0.29500264,-0.99603796,-0.6353146,-1.7514949,-1.2723645,1.0,0.0
0.14419469,-0.65317285,-0.2475262,-0.69872755,-0.09427618,-0.6954238,-0.10610387,-1.3350284,0.0033678254,-1.4048971,-0.16258368,-1.2116903,-0.30064976,-1.1489347,-0.8995766,-1.6792169,-1.5505489,1.0,0.0
0.1487264,-0.7130901,-0.20824781,-0.70897263,-0.09085988,-0.65276426,-0.12896882,-1.380707,0.002189277,-1.4473517,-0.2213193,-1.2301822,-0.2732065,-1.1701792,-0.7739303,-1.8228915,-1.4336494,1.0,0.0
0.1600925,-0.77488816,-0.19440274,-0.7474016,-0.07397955,-0.6747573,-0.14238457,-1.4068683,0.0014615834,-1.459192,-0.27069676,-1.2227793,-0.2508132,-1.136073,-0.7224547,-2.128183,-1.502657,1.0,0.0
0.15257785,-0.75673366,-0.17126623,-0.7992244,-0.062646635,-0.7491664,-0.12478015,-1.3477782,-0.0015820161,-1.4045001,-0.27718505,-1.2369221,-0.24027157,-1.1591272,-0.8318721,-1.6833601,-1.7797877,1.0,0.0
0.1465694,-0.6970108,-0.1827593,-0.7226537,-0.06826772,-0.6796125,-0.0872608,-1.2948595,0.0032028425,-1.368845,-0.19618353,-1.1221124,-0.34425905,-1.0388905,-0.7421245,-1.8503934,-1.4991639,1.0,0.0
0.15110576,-0.7634166,-0.1617576,-0.8056316,-0.050640542,-0.7222634,-0.14502335,-1.4044235,0.00035992207,-1.4538546,-0.21911585,-1.2228767,-0.30132756,-1.102081,-0.78532,-1.9445349,-1.497403,1.0,0.0
0.14625765,-0.73268133,-0.14702551,-0.80185616,-0.05077584,-0.7356691,-0.11211368,-1.1818105,-0.0009056801,-1.2432859,-0.12783086,-1.0739127,-0.29040018,-0.91519314,-0.75770074,-1.6265033,-1.3525522,1.0,0.0
0.14891481,-0.7514795,-0.12768658,-0.7790729,-0.05807808,-0.66933846,-0.08343625,-1.210363,-0.0053370507,-1.2760823,-0.12935467,-1.1290367,-0.2748745,-1.0351942,-0.7446586,-1.910028,-1.4089228,1.0,0.0
0.14844383,-0.75191265,-0.12032121,-0.7806414,-0.06561297,-0.6490528,-0.07198132,-1.3217928,-0.014267113,-1.3717585,-0.15976341,-1.3227717,-0.28305274,-1.2566859,-0.75310004,-2.1471872,-1.4192207,1.0,0.0
0.15534386,-0.7927546,-0.12459406,-0.8559845,-0.06164315,-0.7366335,-0.11134027,-1.2303379,-0.037208796,-1.2158409,-0.16227083,-1.3012829,-0.27855113,-1.2036802,-0.8266145,-2.1162505,-1.6757015,1.0,0.0
0.1613878,-0.8205724,-0.14979492,-0.8792194,-0.051624656,-0.7489143,-0.1442626,-1.3761683,-0.07497325,-1.3447856,-0.15656763,-1.4285841,-0.35195926,-1.3142389,-0.7200778,-2.1458282,-1.5302892,1.0,0.0
0.14996544,-0.7559015,-0.16393451,-0.8167959,-0.055726096,-0.72056204,-0.10941279,-1.1843965,-0.029972337,-1.2342863,-0.15030687,-1.265726,-0.32801238,-1.1888899,-0.7688593,-1.868521,-1.5531667,1.0,0.0
0.14527102,-0.73794174,-0.16902365,-0.8074624,-0.059766997,-0.7041627,-0.09010932,-1.2438495,-0.0026693824,-1.3380388,-0.1569016,-1.2948685,-0.3652358,-1.2358432,-0.7464456,-1.8570136,-1.4847822,1.0,0.0
0.1346017,-0.7209455,-0.14833616,-0.7846959,-0.052534897,-0.66138154,-0.13956435,-1.2899709,0.00012936477,-1.3619347,-0.157992,-1.2550447,-0.40701294,-1.15827,-0.6655724,-2.313544,-1.3750607,1.0,0.0
0.14777836,-0.76848716,-0.1589995,-0.7912998,-0.06477233,-0.6732378,-0.1136543,-1.2107868,-0.0005591527,-1.3002732,-0.15526623,-1.151301,-0.38256583,-1.0913484,-0.76429915,-1.866239,-1.5103108,1.0,0.0
0.14121304,-0.7280768,-0.17960536,-0.7383502,-0.06535035,-0.63855386,-0.084838904,-1.2688303,-0.00016315909,-1.3654402,-0.13391814,-1.177077,-0.3660412,-1.2200696,-0.7145586,-1.7967356,-1.708668,1.0,0.0
0.12751117,-0.7055615,-0.15012196,-0.70144695,-0.059951518,-0.60129786,-0.11180069,-1.2537677,0.00057804375,-1.3413463,-0.13677584,-1.0529159,-0.37129653,-1.0052147,-0.6869796,-2.1637738,-1.2481025,1.0,0.0
0.14577928,-0.80713516,-0.1309424,-0.8020029,-0.059782166,-0.72389287,-0.10102539,-1.2020895,0.00086063775,-1.2904421,-0.13875668,-1.1154675,-0.35738364,-1.0558037,-0.768706,-1.8753256,-1.681987,1.0,0.0
0.1476341,-0.8359931,-0.115004115,-0.8364164,-0.05414661,-0.7666207,-0.08760593,-1.1612854,0.0010460163,-1.2478459,-0.18020833,-1.1385089,-0.29492676,-1.0818586,-0.85854113,-1.5632334,-1.9182122,1.0,0.0
0.15048781,-0.8498781,-0.13147621,-0.7982214,-0.066671394,-0.68298817,-0.08909827,-1.2395116,0.0016775269,-1.3350123,-0.1835198,-1.0706806,-0.30539274,-1.0454086,-0.7361201,-1.6935768,-1.4621212,1.0,0.0
0.15230285,-0.8515566,-0.17450316,-0.8200442,-0.0773551,-0.71523863,-0.09252231,-1.2423184,0.001445897,-1.3406836,-0.14233819,-1.0843772,-0.34199834,-0.9994004,-0.79002464,-1.7539608,-1.532732,1.0,0.0
0.14177644,-0.797008,-0.16240653,-0.77423114,-0.082332514,-0.64028037,-0.13000028,-1.3859468,0.0014861133,-1.4668714,-0.20576021,-1.2998742,-0.39736283,-1.2212024,-0.80345,-2.2143264,-1.7070379,1.0,0.0
